dst-address,resolved
10.0.0.4,
35.190.80.1,a.nel.cloudflare.com
20.197.71.89,
74.125.204.188,
89.248.163.88,
91.108.56.186,
91.108.56.141,
34.120.214.181,
74.125.23.188,
34.125.244.97,
159.148.147.201,cloud2.mikrotik.com
159.148.172.251,cloud2.mikrotik.com
